mes,x_anios,ventas_miles_S
1,0.08333333333333333,43.8
2,0.16666666666666666,46.7
3,0.25,49.1
4,0.3333333333333333,48.5
5,0.4166666666666667,48.0
6,0.5,45.2
7,0.5833333333333334,42.7
8,0.6666666666666666,40.6
9,0.75,39.8
10,0.8333333333333334,42.3
11,0.9166666666666666,45.6
12,1.0,50.1
13,1.0833333333333333,55.2
14,1.1666666666666667,59.0
15,1.25,60.8
16,1.3333333333333333,61.5
17,1.4166666666666667,59.4
18,1.5,57.1
19,1.5833333333333333,54.3
20,1.6666666666666667,52.8
21,1.75,53.2
22,1.8333333333333333,55.7
23,1.9166666666666667,59.8
24,2.0,65.3
